zip_code,model_order,train_rmse,test_rmse,train_pred_2016-01-31,train_pred_2016-02-29,train_pred_2016-03-31,train_pred_2016-04-30,train_pred_2016-05-31,train_pred_2016-06-30,train_pred_2016-07-31,train_pred_2016-08-31,train_pred_2016-09-30,train_pred_2016-10-31,train_pred_2016-11-30,train_pred_2016-12-31,train_pred_2017-01-31,train_pred_2017-02-28,train_pred_2017-03-31,train_pred_2017-04-30,train_pred_2017-05-31,train_pred_2017-06-30,train_pred_2017-07-31,train_pred_2017-08-31,train_pred_2017-09-30,train_pred_2017-10-31,train_pred_2017-11-30,train_pred_2017-12-31,train_pred_2018-01-31,train_pred_2018-02-28,train_pred_2018-03-31,train_pred_2018-04-30,train_pred_2018-05-31,train_pred_2018-06-30,train_pred_2018-07-31,train_pred_2018-08-31,train_pred_2018-09-30,train_pred_2018-10-31,train_pred_2018-11-30,train_pred_2018-12-31,train_lci_2016-01-31,train_lci_2016-02-29,train_lci_2016-03-31,train_lci_2016-04-30,train_lci_2016-05-31,train_lci_2016-06-30,train_lci_2016-07-31,train_lci_2016-08-31,train_lci_2016-09-30,train_lci_2016-10-31,train_lci_2016-11-30,train_lci_2016-12-31,train_lci_2017-01-31,train_lci_2017-02-28,train_lci_2017-03-31,train_lci_2017-04-30,train_lci_2017-05-31,train_lci_2017-06-30,train_lci_2017-07-31,train_lci_2017-08-31,train_lci_2017-09-30,train_lci_2017-10-31,train_lci_2017-11-30,train_lci_2017-12-31,train_lci_2018-01-31,train_lci_2018-02-28,train_lci_2018-03-31,train_lci_2018-04-30,train_lci_2018-05-31,train_lci_2018-06-30,train_lci_2018-07-31,train_lci_2018-08-31,train_lci_2018-09-30,train_lci_2018-10-31,train_lci_2018-11-30,train_lci_2018-12-31,train_uci_2016-01-31,train_uci_2016-02-29,train_uci_2016-03-31,train_uci_2016-04-30,train_uci_2016-05-31,train_uci_2016-06-30,train_uci_2016-07-31,train_uci_2016-08-31,train_uci_2016-09-30,train_uci_2016-10-31,train_uci_2016-11-30,train_uci_2016-12-31,train_uci_2017-01-31,train_uci_2017-02-28,train_uci_2017-03-31,train_uci_2017-04-30,train_uci_2017-05-31,train_uci_2017-06-30,train_uci_2017-07-31,train_uci_2017-08-31,train_uci_2017-09-30,train_uci_2017-10-31,train_uci_2017-11-30,train_uci_2017-12-31,train_uci_2018-01-31,train_uci_2018-02-28,train_uci_2018-03-31,train_uci_2018-04-30,train_uci_2018-05-31,train_uci_2018-06-30,train_uci_2018-07-31,train_uci_2018-08-31,train_uci_2018-09-30,train_uci_2018-10-31,train_uci_2018-11-30,train_uci_2018-12-31,test_pred_2019-01-31,test_pred_2019-02-28,test_pred_2019-03-31,test_pred_2019-04-30,test_pred_2019-05-31,test_pred_2019-06-30,test_pred_2019-07-31,test_pred_2019-08-31,test_pred_2019-09-30,test_pred_2019-10-31,test_pred_2019-11-30,test_pred_2019-12-31,test_lci_2019-01-31,test_lci_2019-02-28,test_lci_2019-03-31,test_lci_2019-04-30,test_lci_2019-05-31,test_lci_2019-06-30,test_lci_2019-07-31,test_lci_2019-08-31,test_lci_2019-09-30,test_lci_2019-10-31,test_lci_2019-11-30,test_lci_2019-12-31,test_uci_2019-01-31,test_uci_2019-02-28,test_uci_2019-03-31,test_uci_2019-04-30,test_uci_2019-05-31,test_uci_2019-06-30,test_uci_2019-07-31,test_uci_2019-08-31,test_uci_2019-09-30,test_uci_2019-10-31,test_uci_2019-11-30,test_uci_2019-12-31
00715," ARIMA(0,2,0)(0,0,0)[12]          ",24470.72589702092,5056.184801804618,0.0,203338.07928215116,128138.99999999997,127934.00000000001,129478.99999999999,127665.0,127631.0,127830.0,129896.0,130866.0,130844.0,130692.0,131443.0,132695.0,133317.0,135158.0,135194.0,135951.0,135123.0,136660.0,136359.0,137510.0,138527.0,141522.0,144011.0,143703.0,144162.0,146480.0,151599.0,156158.0,157495.0,157948.0,161557.0,164350.0,166823.0,165270.0,-3202.723415412493,201107.085346643,126534.46902982732,126329.46902982735,127874.46902982732,126060.46902982733,126026.46902982733,126225.46902982733,128291.46902982733,129261.46902982733,129239.46902982733,129087.46902982733,129838.46902982733,131090.46902982733,131712.46902982733,133553.46902982733,133589.46902982733,134346.46902982733,133518.46902982733,135055.46902982733,134754.46902982733,135905.46902982733,136922.46902982733,139917.46902982733,142406.46902982733,142098.46902982733,142557.46902982733,144875.46902982733,149994.46902982733,154553.46902982733,155890.46902982733,156343.46902982733,159952.46902982733,162745.46902982733,165218.46902982733,163665.46902982733,3202.723415412493,205569.07321765932,129743.53097017262,129538.53097017268,131083.53097017264,129269.53097017267,129235.53097017267,129434.53097017267,131500.53097017267,132470.53097017267,132448.53097017267,132296.53097017267,133047.53097017267,134299.53097017267,134921.53097017267,136762.53097017267,136798.53097017267,137555.53097017267,136727.53097017267,138264.53097017267,137963.53097017267,139114.53097017267,140131.53097017267,143126.53097017267,145615.53097017267,145307.53097017267,145766.53097017267,148084.53097017267,153203.53097017267,157762.53097017267,159099.53097017267,159552.53097017267,163161.53097017267,165954.53097017267,168427.53097017267,166874.53097017267,166661.0,167613.0,168565.0,169517.0,170469.0,171421.0,172373.0,173325.0,174277.0,175229.0,176181.0,177133.0,165056.46902982733,164025.15967869025,162561.3948431459,160728.62193420785,158569.4798465074,156114.75007664738,153387.93353200864,150407.71383026306,147189.39959392278,143745.8289528574,140087.96833283376,136225.32636462827,168265.53097017267,171200.84032130975,174568.6051568541,178305.37806579215,182368.5201534926,186727.24992335262,191358.06646799136,196242.28616973694,201364.60040607722,206712.1710471426,212274.03166716624,218040.67363537173
00765," ARIMA(0,2,0)(0,0,0)[12]          ",21244.03514243716,4890.797182805,0.0,174584.91493772977,109816.99999999994,109865.0,109946.0,109343.0,107069.0,105717.0,105358.0,106427.0,107006.0,108498.0,109108.0,107291.0,104779.0,103680.0,102587.0,104398.0,104419.0,106560.0,106134.0,108203.0,110693.0,112158.0,113943.0,115975.0,118772.0,120491.0,122721.0,123206.0,125431.0,124561.0,125687.0,125556.0,127268.0,128404.0,-3068.163812334401,172583.77269469167,108501.43489787458,108549.43489787464,108630.43489787464,108027.43489787464,105753.43489787464,104401.43489787464,104042.43489787464,105111.43489787464,105690.43489787464,107182.43489787464,107792.43489787464,105975.43489787464,103463.43489787464,102364.43489787464,101271.43489787464,103082.43489787464,103103.43489787464,105244.43489787464,104818.43489787464,106887.43489787464,109377.43489787464,110842.43489787464,112627.43489787464,114659.43489787464,117456.43489787464,119175.43489787464,121405.43489787464,121890.43489787464,124115.43489787464,123245.43489787464,124371.43489787464,124240.43489787464,125952.43489787464,127088.43489787464,3068.163812334401,176586.05718076788,111132.5651021253,111180.56510212536,111261.56510212536,110658.56510212536,108384.56510212536,107032.56510212536,106673.56510212536,107742.56510212536,108321.56510212536,109813.56510212536,110423.56510212536,108606.56510212536,106094.56510212536,104995.56510212536,103902.56510212536,105713.56510212536,105734.56510212536,107875.56510212536,107449.56510212536,109518.56510212536,112008.56510212536,113473.56510212536,115258.56510212536,117290.56510212536,120087.56510212536,121806.56510212536,124036.56510212536,124521.56510212536,126746.56510212536,125876.56510212536,127002.56510212536,126871.56510212536,128583.56510212536,129719.56510212536,127332.0,127335.0,127338.0,127341.0,127344.0,127347.0,127350.0,127353.0,127356.0,127359.0,127362.0,127365.0,126016.43489787464,124393.30700282124,122415.60611785062,120135.35317699352,117587.50807994204,114797.30877066529,111784.02379192953,108562.97196016612,105146.70491190496,101545.74871111556,97769.09479972205,93824.53936430547,128647.56510212536,130276.69299717876,132260.39388214936,134546.64682300648,137100.49192005798,139896.6912293347,142915.97620807047,146143.02803983388,149565.29508809504,153172.25128888444,156954.90520027795,160905.46063569453
00720," ARIMA(0,2,0)(0,0,0)[12]          ",22037.94396478493,27622.6947544949,0.0,181932.6243869993,113127.99999999994,114141.00000000004,113360.0,113993.0,114082.0,115695.99999999999,115918.0,116918.0,116068.00000000001,116537.0,118811.99999999999,121048.0,123427.0,123481.0,125198.00000000001,125513.0,126782.0,127223.99999999999,127693.0,130105.0,132392.0,136495.0,136356.0,138569.0,140059.0,142629.0,144440.0,145842.0,148588.0,148346.0,151230.0,150309.0,153852.0,155297.0,-3156.2887983801156,179778.69443601035,111618.28435214053,112631.28435214063,111850.28435214059,112483.28435214059,112572.28435214059,114186.28435214057,114408.28435214059,115408.28435214059,114558.2843521406,115027.28435214059,117302.28435214057,119538.28435214059,121917.28435214059,121971.28435214059,123688.2843521406,124003.28435214059,125272.28435214059,125714.28435214057,126183.28435214059,128595.28435214059,130882.28435214059,134985.2843521406,134846.2843521406,137059.2843521406,138549.2843521406,141119.2843521406,142930.2843521406,144332.2843521406,147078.2843521406,146836.2843521406,149720.2843521406,148799.2843521406,152342.2843521406,153787.2843521406,3156.2887983801156,184086.55433798823,114637.71564785935,115650.71564785946,114869.71564785941,115502.71564785941,115591.71564785941,117205.7156478594,117427.71564785941,118427.71564785941,117577.71564785943,118046.71564785941,120321.7156478594,122557.71564785941,124936.71564785941,124990.71564785941,126707.71564785943,127022.71564785941,128291.71564785941,128733.7156478594,129202.71564785941,131614.7156478594,133901.7156478594,138004.7156478594,137865.7156478594,140078.7156478594,141568.7156478594,144138.7156478594,145949.7156478594,147351.7156478594,150097.7156478594,149855.7156478594,152739.7156478594,151818.7156478594,155361.7156478594,156806.7156478594,160396.0,163813.0,167230.0,170647.0,174064.0,177481.0,180898.0,184315.0,187732.0,191149.0,194566.0,197983.0,158886.2843521406,160437.17318469123,161581.16129425867,162377.94684248877,162867.64909640045,163079.23060514333,163034.80355493966,162751.9475067217,162245.0664622715,161526.23991766223,160605.78626804418,159492.6522579426,161905.7156478594,167188.82681530877,172878.83870574133,178916.05315751123,185260.35090359955,191882.76939485667,198761.19644506034,205878.0524932783,213218.9335377285,220771.76008233777,228526.21373195582,236473.3477420574
00775," ARIMA(0,1,0)(0,0,0)[12] intercept",12795.7873505014,2131.0548568070994,453.91428571428565,77559.91428571429,78265.91428571429,79401.91428571429,80020.91428571429,80443.91428571429,80221.91428571429,79587.91428571429,78485.91428571429,77717.91428571429,77187.91428571429,76599.91428571429,76721.91428571429,77841.91428571429,79301.91428571429,80456.91428571429,81756.91428571429,82941.91428571429,83437.91428571429,83545.91428571429,83792.91428571429,83560.91428571429,84216.91428571429,83897.91428571429,84806.91428571429,84335.91428571429,84919.91428571429,85236.91428571429,85396.91428571429,85531.91428571429,86127.91428571429,87365.91428571429,88686.91428571429,90216.91428571429,91367.91428571429,93137.91428571429,-1976.4414331729213,76122.84431538104,76828.84431538104,77964.84431538104,78583.84431538104,79006.84431538104,78784.84431538104,78150.84431538104,77048.84431538104,76280.84431538104,75750.84431538104,75162.84431538104,75284.84431538104,76404.84431538104,77864.84431538104,79019.84431538104,80319.84431538104,81504.84431538104,82000.84431538104,82108.84431538104,82355.84431538104,82123.84431538104,82779.84431538104,82460.84431538104,83369.84431538104,82898.84431538104,83482.84431538104,83799.84431538104,83959.84431538104,84094.84431538104,84690.84431538104,85928.84431538104,87249.84431538104,88779.84431538104,89930.84431538104,91700.84431538104,2884.2700046014925,78996.98425604754,79702.98425604754,80838.98425604754,81457.98425604754,81880.98425604754,81658.98425604754,81024.98425604754,79922.98425604754,79154.98425604754,78624.98425604754,78036.98425604754,78158.98425604754,79278.98425604754,80738.98425604754,81893.98425604754,83193.98425604754,84378.98425604754,84874.98425604754,84982.98425604754,85229.98425604754,84997.98425604754,85653.98425604754,85334.98425604754,86243.98425604754,85772.98425604754,86356.98425604754,86673.98425604754,86833.98425604754,86968.98425604754,87564.98425604754,88802.98425604754,90123.98425604754,91653.98425604754,92804.98425604754,94574.98425604754,93446.91428571429,93900.82857142857,94354.74285714286,94808.65714285715,95262.57142857143,95716.48571428572,96170.40000000001,96624.3142857143,97078.22857142858,97532.14285714287,97986.05714285716,98439.97142857144,92009.84431538104,91868.50472930419,91865.66465449416,91934.51720219063,92049.18528648267,92196.39756229268,92368.27024189924,92559.6666014655,92767.01866042882,92987.72859385918,93219.83525377458,93461.81502327404,94883.98425604754,95933.15241355296,96843.82105979156,97682.79708352366,98475.9575706602,99236.57386627876,99972.52975810078,100688.96196996309,101389.43848242835,102076.55712042656,102752.27903193973,103418.12783386884
00718," ARIMA(0,2,0)(0,0,0)[12]          ",33035.9457999479,28780.076142185586,0.0,276743.87055546144,164375.99999999997,165548.0,165885.0,165014.0,167539.0,167250.0,169419.0,168448.0,171817.0,175414.0,177416.0,181169.0,184251.0,183704.0,185271.0,185352.0,187959.0,188990.0,190222.0,193813.0,194093.0,194858.0,195155.0,193621.0,195606.0,196765.0,198970.0,199847.0,195721.0,198326.0,197101.0,200228.0,195342.0,190872.0,-3597.1607899967735,273922.9369603293,162083.26187546374,163255.26187546377,163592.26187546377,162721.26187546377,165246.26187546377,164957.26187546377,167126.26187546377,166155.26187546377,169524.26187546377,173121.26187546377,175123.26187546377,178876.26187546377,181958.26187546377,181411.26187546377,182978.26187546377,183059.26187546377,185666.26187546377,186697.26187546377,187929.26187546377,191520.26187546377,191800.26187546377,192565.26187546377,192862.26187546377,191328.26187546377,193313.26187546377,194472.26187546377,196677.26187546377,197554.26187546377,193428.26187546377,196033.26187546377,194808.26187546377,197935.26187546377,193049.26187546377,188579.26187546377,3597.1607899967735,279564.8041505936,166668.7381245362,167840.73812453623,168177.73812453623,167306.73812453623,169831.73812453623,169542.73812453623,171711.73812453623,170740.73812453623,174109.73812453623,177706.73812453623,179708.73812453623,183461.73812453623,186543.73812453623,185996.73812453623,187563.73812453623,187644.73812453623,190251.73812453623,191282.73812453623,192514.73812453623,196105.73812453623,196385.73812453623,197150.73812453623,197447.73812453623,195913.73812453623,197898.73812453623,199057.73812453623,201262.73812453623,202139.73812453623,198013.73812453623,200618.73812453623,199393.73812453623,202520.73812453623,197634.73812453623,193164.73812453623,187008.0,183523.0,180038.0,176553.0,173068.0,169583.0,166098.0,162613.0,159128.0,155643.0,152158.0,148673.0,184715.26187546377,178396.2816989316,171459.35946039075,163995.1561073941,156064.59898950777,147711.67224421713,138969.95666697883,129866.14955646574,120422.12563066094,110656.22948393322,100584.13120487088,90219.4178171579,189300.73812453623,188649.7183010684,188616.64053960925,189110.8438926059,190071.40101049223,191454.32775578287,193226.04333302117,195359.85044353426,197833.87436933906,200629.77051606678,203731.86879512912,207126.5821828421
00791," ARIMA(0,1,0)(0,0,1)[12] intercept",28202.496110333203,4880.874774973249,1152.685715433138,171253.68571543315,172784.68571543315,173150.68571543315,175225.68571543315,178173.68571543315,181160.68571543315,184636.68571543315,188036.68571543315,191718.68571543315,192690.68571543315,193842.68571543315,190136.48608754078,191663.90563697804,190503.94345134948,191110.28025412993,189449.01929966966,187428.11417111987,185447.76525161118,185182.52909186203,185046.98431619443,184120.87914619147,184402.70162980788,184737.28297523747,186250.781421673,187367.81151641544,188198.87539155042,189580.0606463277,191715.39090126185,195032.18561580832,197336.40005728573,200655.23652670253,203426.05455231742,206786.90834075035,208529.74167213144,210016.10054159144,-2677.3227189176505,167963.16815940887,169494.16815940887,169860.16815940887,171935.16815940887,174883.16815940887,177870.16815940887,181346.16815940887,184746.16815940887,188428.16815940887,189400.16815940887,190552.16815940887,186846.62271212504,188374.2743876345,187214.31220200594,187820.6490047864,186159.38805032612,184138.48292177633,182158.13400226764,181892.8978425185,181757.3530668509,180831.24789684793,181113.07038046434,181447.65172589393,182961.15052489148,184078.1807447858,184909.24461992076,186290.42987469805,188425.7601296322,191742.55484417867,194046.76928565608,197365.60575507287,200136.42378068776,203497.2775691207,205240.11090050178,206726.46976996178,4982.694149783927,174544.20327145743,176075.20327145743,176441.20327145743,178516.20327145743,181464.20327145743,184451.20327145743,187927.20327145743,191327.20327145743,195009.20327145743,195981.20327145743,197133.20327145743,193426.3494629565,194953.53688632158,193793.57470069302,194399.91150347347,192738.6505490132,190717.7454204634,188737.39650095472,188472.16034120557,188336.61556553797,187410.510395535,187692.33287915142,188026.914224581,189540.4123184545,190657.4422880451,191488.50616318008,192869.69141795737,195005.0216728915,198321.81638743798,200626.0308289154,203944.8672983322,206715.68532394708,210076.53911238,211819.3724437611,213305.7313132211,211599.77052415552,212760.20765631873,213909.08224429464,215040.63831385717,216144.73168187338,217271.4142562364,218374.46289462663,219490.6972288138,220592.57679732385,221732.02444933538,222876.76260514825,224019.48887258774,208310.13975271597,208107.96720419676,208211.27461009726,208461.3767710793,208788.89365618018,209213.49742418906,209670.91796832505,210186.21632464146,210723.68448318515,211329.29855080167,211966.29163767933,212623.87360425142,214889.40129559507,217412.4481084407,219606.88987849202,221619.89985663505,223500.56970756658,225329.33108828374,227078.0078209282,228795.17813298616,230461.46911146256,232134.7503478691,233787.23357261717,235415.10414092406
00617," ARIMA(0,1,0)(0,0,0)[12] intercept",18699.360817091525,912.9974260642256,542.8,113073.8,111800.8,111129.8,110198.8,110727.8,110940.8,111520.8,111570.8,112591.8,113775.8,115340.8,116291.8,117486.8,119103.8,120992.8,123638.8,126010.8,128514.8,130513.8,132351.8,131741.8,131218.80000000002,129123.8,128398.8,126913.8,127013.8,127273.8,128089.8,128032.8,127723.8,127320.8,127739.8,128884.8,129885.8,130933.8,-2450.2843824978863,110811.7002453343,109538.7002453343,108867.7002453343,107936.7002453343,108465.7002453343,108678.7002453343,109258.7002453343,109308.7002453343,110329.7002453343,111513.7002453343,113078.7002453343,114029.7002453343,115224.7002453343,116841.7002453343,118730.7002453343,121376.7002453343,123748.7002453343,126252.7002453343,128251.7002453343,130089.70024533429,129479.70024533429,128956.70024533432,126861.7002453343,126136.7002453343,124651.7002453343,124751.7002453343,125011.7002453343,125827.7002453343,125770.7002453343,125461.7002453343,125058.7002453343,125477.7002453343,126622.7002453343,127623.7002453343,128671.7002453343,3535.884382497886,115335.8997546657,114062.8997546657,113391.8997546657,112460.8997546657,112989.8997546657,113202.8997546657,113782.8997546657,113832.8997546657,114853.8997546657,116037.8997546657,117602.8997546657,118553.8997546657,119748.8997546657,121365.8997546657,123254.8997546657,125900.8997546657,128272.8997546657,130776.8997546657,132775.8997546657,134613.89975466568,134003.89975466568,133480.8997546657,131385.8997546657,130660.8997546657,129175.8997546657,129275.8997546657,129535.8997546657,130351.8997546657,130294.8997546657,129985.8997546657,129582.8997546657,130001.8997546657,131146.8997546657,132147.8997546657,133195.8997546657,132071.8,132614.59999999998,133157.39999999997,133700.19999999995,134242.99999999994,134785.79999999993,135328.59999999992,135871.3999999999,136414.1999999999,136956.99999999988,137499.79999999987,138042.59999999986,129809.70024533429,129415.50784751089,129239.32829312987,129176.00049066855,129184.79117668184,129244.80985379395,129343.64660833425,129473.21569502173,129627.90073600279,129803.61248074817,129997.26387541874,130206.45658625968,134333.89975466568,135813.69215248906,137075.47170687004,138224.39950933136,139301.20882331804,140326.79014620592,141313.5533916656,142269.58430497808,143200.49926399702,144110.3875192516,145002.336124581,145878.74341374004
00602," ARIMA(0,1,0)(0,1,0)[12] intercept",15916.197874469412,6162.779539500775,-203.56521739130434,83022.43478260867,83236.43478260869,83461.4347826087,84108.4347826087,84853.4347826087,85387.43478260869,85589.4347826087,85452.4347826087,85621.4347826087,86467.4347826087,87321.4347826087,134431.37917595587,88103.4347826087,87751.43478260869,88263.43478260867,88858.43478260867,88690.43478260867,88464.43478260869,87959.43478260867,88704.43478260867,90090.43478260867,90628.43478260867,91116.43478260867,91222.43478260867,90770.4347826087,91091.4347826087,90702.4347826087,89430.4347826087,88530.4347826087,87985.4347826087,89155.4347826087,90134.4347826087,90527.4347826087,90931.4347826087,90521.4347826087,-3167.4579277480307,80799.10368315192,81013.10368315193,81238.10368315195,81885.10368315195,82630.10368315195,83164.10368315193,83366.10368315195,83229.10368315195,83398.10368315195,84244.10368315195,85098.10368315195,132624.9010674941,87053.79562693782,86701.7956269378,87213.79562693779,87808.79562693779,87640.79562693779,87414.7956269378,86909.79562693779,87654.79562693779,89040.79562693779,89578.79562693779,90066.79562693779,90172.79562693779,89720.79562693782,90041.79562693782,89652.79562693782,88380.79562693782,87480.79562693782,86935.79562693782,88105.79562693782,89084.79562693782,89477.79562693782,89881.79562693782,89471.79562693782,2760.3274929654217,85245.76588206543,85459.76588206545,85684.76588206546,86331.76588206546,87076.76588206546,87610.76588206545,87812.76588206546,87675.76588206546,87844.76588206546,88690.76588206546,89544.76588206546,136237.85728441764,89153.07393827959,88801.07393827957,89313.07393827956,89908.07393827956,89740.07393827956,89514.07393827957,89009.07393827956,89754.07393827956,91140.07393827956,91678.07393827956,92166.07393827956,92272.07393827956,91820.07393827959,92141.07393827959,91752.07393827959,90480.07393827959,89580.07393827959,89035.07393827959,90205.07393827959,91184.07393827959,91577.07393827959,91981.07393827959,91571.07393827959,91318.4347826087,90982.86956521739,89983.30434782608,88961.73913043477,87795.17391304346,87318.60869565215,87680.04347826084,88185.47826086952,88553.91304347821,88309.3478260869,88398.78260869559,89152.21739130428,90268.79562693782,89498.45563566979,88165.27600059041,86862.460819093,85448.10940911788,84747.52835021271,84902.95930599986,85216.6504017743,85404.99557646556,84990.09737287086,84917.52336406983,85516.16069683294,92368.07393827959,92467.283494765,91801.33269506175,91061.01744177654,90142.23841696903,89889.68904109158,90457.12765052181,91154.30611996475,91702.83051049086,91628.59827930294,91880.04185332135,92788.27408577561
00690," ARIMA(0,2,0)(0,0,1)[12]          ",8230.479242307509,740.3809261101198,0.0,66383.02946692218,43224.99999999998,43259.0,43002.0,43073.0,43136.0,43348.0,43428.0,43990.0,43748.0,43947.0,43521.13747257388,44333.732811370624,44339.517291762735,44733.19917860454,44828.43294073459,44950.30590082015,44803.67480822536,44607.06300658505,44544.51831850707,44171.99691976703,45380.50610616902,45761.16562182337,47104.079670674786,47139.09960110471,47706.04021492853,48105.599125772984,48916.63846390849,49100.88719511173,50445.86322832075,51498.73749663865,53178.87736042629,53159.99897441053,52414.22273543974,52589.133370514326,-2824.8791550805818,64870.00394103778,42680.0003675042,42714.000367504224,42457.000367504224,42528.000367504224,42591.000367504224,42803.000367504224,42883.000367504224,43445.000367504224,43203.000367504224,43402.000367504224,42976.53614115243,43789.501957967695,43800.467267916414,44194.14915475821,44289.382916888266,44411.25587697383,44264.62478437903,44068.01298273873,44005.46829466075,43632.9468959207,44841.45608232269,45222.11559797705,46565.03841183696,46600.06649127233,47167.122995171696,47566.68190601615,48377.72124415166,48561.9699753549,49906.946008563915,50959.820276881816,52639.96014066946,52621.0817546537,51875.30551568291,52050.21615075749,2824.8791550805818,67896.05499280657,43769.999632495754,43803.999632495776,43546.999632495776,43617.999632495776,43680.999632495776,43892.999632495776,43972.999632495776,44534.999632495776,44292.999632495776,44491.999632495776,44065.73880399533,44877.96366477355,44878.567315609056,45272.24920245087,45367.48296458091,45489.35592466647,45342.72483207169,45146.11303043137,45083.56834235339,44711.04694361336,45919.55613001535,46300.21564566969,47643.12092951261,47678.13271093709,48244.95743468536,48644.51634552982,49455.55568366533,49639.804414868566,50984.78044807758,52037.65471639548,53717.79458018312,53698.91619416737,52953.13995519657,53128.05059027116,53245.441057740376,53609.36522660382,53983.39253321163,54331.89067992405,54716.50297711013,55032.82997589134,55336.628043242476,55588.6955432374,55934.783011913765,56383.498827614,56808.88930008234,57191.349617873595,52706.524036911556,52404.31054734934,51966.95122486657,51380.124275643495,50719.79409524382,49891.89975530595,48960.09082582303,47891.44090388127,46836.84220825553,45809.215042101445,44686.28899518812,43451.652909650715,53784.358078569196,54814.419905858296,55999.83384155668,57283.657084204606,58713.21185897644,60173.76019647673,61713.165260661925,63285.95018259354,65032.723815572,66957.78261312656,68931.48960497655,70931.04632609648
00727," ARIMA(0,1,0)(1,0,0)[12] intercept",11821.083278887721,650.3289544496101,488.92966148884534,71844.92966148884,72233.92966148884,72910.92966148884,73935.92966148884,74295.92966148884,74697.92966148884,75158.92966148884,75631.92966148884,75822.92966148884,75919.92966148884,75577.92966148884,74825.39387857927,75560.76764254305,76313.94242249765,76588.61194827614,77110.46184872818,76963.0081708049,76673.5613375317,76441.86028669648,76893.33498132425,77828.82654620019,78618.47332258882,79500.79916759979,80219.53126073757,81207.50927852467,81218.25920741897,81982.27607766712,82882.96440471055,84542.20175202444,85924.988602363,86867.08028100802,88179.16193405501,88647.85980394228,88633.68087753133,88302.78084908905,-1687.1583469338611,70899.46670626164,71288.46670626164,71965.46670626164,72990.46670626164,73350.46670626164,73752.46670626164,74213.46670626164,74686.46670626164,74877.46670626164,74974.46670626164,74632.46670626164,73880.23554246053,74616.91949976416,75370.09427971876,75644.76380549725,76166.61370594929,76019.160028026,75729.71319475281,75498.01214391759,75949.48683854536,76884.9784034213,77674.62517980993,78556.9510248209,79275.68311795867,80263.66113574577,80274.41106464008,81038.42793488823,81939.11626193166,83598.35360924555,84981.1404595841,85923.23213822913,87235.31379127612,87704.01166116339,87689.83273475243,87358.93270631015,2665.017669911552,72790.39261671605,73179.39261671605,73856.39261671605,74881.39261671605,75241.39261671605,75643.39261671605,76104.39261671605,76577.39261671605,76768.39261671605,76865.39261671605,76523.39261671605,75770.55221469801,76504.61578532195,77257.79056527655,77532.46009105504,78054.30999150708,77906.85631358379,77617.4094803106,77385.70842947537,77837.18312410315,78772.67468897908,79562.32146536771,80444.64731037868,81163.37940351646,82151.35742130356,82162.10735019787,82926.12422044601,83826.81254748945,85486.04989480333,86868.83674514189,87810.92842378691,89123.0100768339,89591.70794672117,89577.52902031022,89246.62899186794,88229.96931834385,88748.45584747868,89220.67302148866,89687.6907351374,90108.73119817598,90545.25320049244,91005.43566849774,91444.5866114463,91935.26479078387,92453.1086899864,92990.58201257522,93511.23011511865,87286.12117556496,87413.65300314012,87585.88008356611,87799.99444957962,87998.22259048546,88233.3068560106,88508.24820729461,88774.98092276917,89103.7203624472,89468.3987934853,89860.19186390386,90241.64423927353,89173.81746112274,90083.25869181723,90855.46595941122,91575.38702069517,92219.23980586651,92857.19954497428,93502.62312970086,94114.19230012342,94766.80921912054,95437.8185864875,96120.97216124658,96780.81599096378
00794," ARIMA(0,1,0)(0,0,0)[12] intercept",14096.348078037385,1987.0505224859476,291.2857142857142,85020.28571428571,85951.28571428571,86621.28571428571,87406.28571428571,87587.28571428571,87335.28571428571,87090.28571428571,86262.28571428571,86602.28571428571,87646.28571428571,89642.28571428571,90425.28571428571,90227.28571428571,89210.28571428571,88187.28571428571,87133.28571428571,87180.28571428571,87619.28571428571,88175.28571428571,88468.28571428571,89271.28571428571,89008.28571428571,88597.28571428571,87499.28571428571,87905.28571428571,88617.28571428571,90183.28571428571,90957.28571428571,91409.28571428571,91541.28571428571,91713.28571428571,92188.28571428571,91489.28571428571,91819.28571428571,92610.28571428571,-2247.507124040664,83406.59111640073,84337.59111640073,85007.59111640073,85792.59111640073,85973.59111640073,85721.59111640073,85476.59111640073,84648.59111640073,84988.59111640073,86032.59111640073,88028.59111640073,88811.59111640073,88613.59111640073,87596.59111640073,86573.59111640073,85519.59111640073,85566.59111640073,86005.59111640073,86561.59111640073,86854.59111640073,87657.59111640073,87394.59111640073,86983.59111640073,85885.59111640073,86291.59111640073,87003.59111640073,88569.59111640073,89343.59111640073,89795.59111640073,89927.59111640073,90099.59111640073,90574.59111640073,89875.59111640073,90205.59111640073,90996.59111640073,2830.0785526120926,86633.9803121707,87564.9803121707,88234.9803121707,89019.9803121707,89200.9803121707,88948.9803121707,88703.9803121707,87875.9803121707,88215.9803121707,89259.9803121707,91255.9803121707,92038.9803121707,91840.9803121707,90823.9803121707,89800.9803121707,88746.9803121707,88793.9803121707,89232.9803121707,89788.9803121707,90081.9803121707,90884.9803121707,90621.9803121707,90210.9803121707,89112.9803121707,89518.9803121707,90230.9803121707,91796.9803121707,92570.9803121707,93022.9803121707,93154.9803121707,93326.9803121707,93801.9803121707,93102.9803121707,93432.9803121707,94223.9803121707,95215.28571428571,95506.57142857142,95797.85714285713,96089.14285714284,96380.42857142855,96671.71428571426,96962.99999999997,97254.28571428568,97545.57142857139,97836.8571428571,98128.14285714281,98419.42857142852,93601.59111640073,93224.46264271428,93002.8561114209,92861.75366137287,92772.09775563354,92718.98592021037,92693.56540198793,92690.0681425714,92704.48763491644,92733.90676563102,92776.12334973489,92829.42650855608,96828.9803121707,97788.68021442856,98592.85817429336,99316.53205291281,99988.75938722356,100624.44265121815,101232.43459801201,101818.50328599996,102386.65522222634,102939.80752008318,103480.16236455074,104009.43063430097
00927," ARIMA(0,1,0)(0,0,0)[12] intercept",46569.63100791667,47871.48057760327,4256.971428571427,287108.97142857144,290730.97142857144,295337.97142857144,298865.97142857144,300663.97142857144,301575.97142857144,306020.97142857144,310252.97142857144,316217.97142857144,319987.97142857144,326126.97142857144,332819.97142857144,338141.97142857144,343507.97142857144,347319.97142857144,354855.97142857144,367042.97142857144,380674.97142857144,392732.97142857144,398216.97142857144,398710.97142857144,395450.97142857144,395557.97142857144,396575.97142857144,401168.97142857144,405338.97142857144,410622.97142857144,410201.97142857144,408167.97142857144,406707.97142857144,409986.97142857144,414242.97142857144,419260.97142857144,425032.97142857144,431239.97142857144,-3107.2280764436364,280010.38174265705,283632.38174265705,288239.38174265705,291767.38174265705,293565.38174265705,294477.38174265705,298922.38174265705,303154.38174265705,309119.38174265705,312889.38174265705,319028.38174265705,325721.38174265705,331043.38174265705,336409.38174265705,340221.38174265705,347757.38174265705,359944.38174265705,373576.38174265705,385634.38174265705,391118.38174265705,391612.38174265705,388352.38174265705,388459.38174265705,389477.38174265705,394070.38174265705,398240.38174265705,403524.38174265705,403103.38174265705,401069.38174265705,399609.38174265705,402888.38174265705,407144.38174265705,412162.38174265705,417934.38174265705,424141.38174265705,11621.17093358649,294207.56111448584,297829.56111448584,302436.56111448584,305964.56111448584,307762.56111448584,308674.56111448584,313119.56111448584,317351.56111448584,323316.56111448584,327086.56111448584,333225.56111448584,339918.56111448584,345240.56111448584,350606.56111448584,354418.56111448584,361954.56111448584,374141.56111448584,387773.56111448584,399831.56111448584,405315.56111448584,405809.56111448584,402549.56111448584,402656.56111448584,403674.56111448584,408267.56111448584,412437.56111448584,417721.56111448584,417300.56111448584,415266.56111448584,413806.56111448584,417085.56111448584,421341.56111448584,426359.56111448584,432131.56111448584,438338.56111448584,436102.97142857144,440359.9428571429,444616.91428571433,448873.8857142858,453130.8571428572,457387.82857142866,461644.8000000001,465901.77142857155,470158.742857143,474415.71428571444,478672.6857142859,482929.6571428573,429004.38174265705,430321.021049601,432321.7962876262,434676.70634245704,437257.92806077376,439999.9059475549,442863.69703178253,445823.92781348777,448862.97379939986,451968.00270324573,455129.3271854211,458339.4211466811,443201.56111448584,450398.86466468475,456912.03228380246,463071.0650861145,469003.7862249407,474775.7511953024,480425.9029682177,485979.6150436553,491454.5119148861,496863.42586818314,502216.0442431507,507519.8931390335
00911," ARIMA(0,1,0)(0,0,0)[12] intercept",48441.78150539745,18198.03770556961,2347.9999999999995,294981.0,299261.0,304260.0,308769.0,312486.0,314273.0,317288.0,321432.0,328630.0,333581.0,338776.0,341079.0,343614.0,345758.0,346849.0,347266.0,348034.0,349739.0,353164.0,355543.0,357676.0,359163.0,359027.0,361804.0,364650.0,367351.0,366658.0,363545.0,361854.0,359800.0,358184.0,358854.0,359596.0,364070.0,370343.0,-2863.3544267247285,290152.2572919807,294432.2572919807,299431.2572919807,303940.2572919807,307657.2572919807,309444.2572919807,312459.2572919807,316603.2572919807,323801.2572919807,328752.2572919807,333947.2572919807,336250.2572919807,338785.2572919807,340929.2572919807,342020.2572919807,342437.2572919807,343205.2572919807,344910.2572919807,348335.2572919807,350714.2572919807,352847.2572919807,354334.2572919807,354198.2572919807,356975.2572919807,359821.2572919807,362522.2572919807,361829.2572919807,358716.2572919807,357025.2572919807,354971.2572919807,353355.2572919807,354025.2572919807,354767.2572919807,359241.2572919807,365514.2572919807,7559.354426724727,299809.7427080193,304089.7427080193,309088.7427080193,313597.7427080193,317314.7427080193,319101.7427080193,322116.7427080193,326260.7427080193,333458.7427080193,338409.7427080193,343604.7427080193,345907.7427080193,348442.7427080193,350586.7427080193,351677.7427080193,352094.7427080193,352862.7427080193,354567.7427080193,357992.7427080193,360371.7427080193,362504.7427080193,363991.7427080193,363855.7427080193,366632.7427080193,369478.7427080193,372179.7427080193,371486.7427080193,368373.7427080193,366682.7427080193,364628.7427080193,363012.7427080193,363682.7427080193,364424.7427080193,368898.7427080193,375171.7427080193,377161.0,379509.0,381857.0,384205.0,386553.0,388901.0,391249.0,393597.0,395945.0,398293.0,400641.0,402989.0,372332.2572919807,372680.12657310895,373493.3722930329,374547.51458396146,375755.6030590125,377073.04426616774,378473.34764946444,379939.2531462179,381458.7718759422,383023.17480772967,384625.8722283354,386261.74458606576,381989.7427080193,386337.87342689105,390220.6277069671,393862.48541603854,397350.3969409875,400728.95573383226,404024.65235053556,407254.7468537821,410431.2281240578,413562.82519227033,416656.1277716646,419716.25541393424
00926," ARIMA(0,1,0)(0,0,0)[12] intercept",19854.79061544644,3384.8778384592133,-443.2857142857142,118079.71428571426,117659.71428571429,117229.71428571429,117721.71428571429,118409.71428571429,118476.71428571429,118152.71428571429,117145.71428571429,116353.71428571429,116438.71428571429,116204.71428571429,116281.71428571429,115948.71428571429,116585.71428571429,118269.71428571429,119161.71428571429,118846.71428571429,117208.71428571429,115153.71428571429,113407.71428571429,112670.71428571429,112754.71428571429,113208.71428571429,113287.71428571429,112911.71428571429,111006.71428571429,107798.71428571429,104795.71428571429,103311.71428571429,103429.71428571429,103776.71428571429,104404.71428571429,104770.71428571429,104321.71428571429,103378.71428571429,-3287.027540898911,116019.27531410281,115599.27531410284,115169.27531410284,115661.27531410284,116349.27531410284,116416.27531410284,116092.27531410284,115085.27531410284,114293.27531410284,114378.27531410284,114144.27531410284,114221.27531410284,113888.27531410284,114525.27531410284,116209.27531410284,117101.27531410284,116786.27531410284,115148.27531410284,113093.27531410284,111347.27531410284,110610.27531410284,110694.27531410284,111148.27531410284,111227.27531410284,110851.27531410284,108946.27531410284,105738.27531410284,102735.27531410284,101251.27531410284,101369.27531410284,101716.27531410284,102344.27531410284,102710.27531410284,102261.27531410284,101318.27531410284,2400.4561123274825,120140.15325732571,119720.15325732574,119290.15325732574,119782.15325732574,120470.15325732574,120537.15325732574,120213.15325732574,119206.15325732574,118414.15325732574,118499.15325732574,118265.15325732574,118342.15325732574,118009.15325732574,118646.15325732574,120330.15325732574,121222.15325732574,120907.15325732574,119269.15325732574,117214.15325732574,115468.15325732574,114731.15325732574,114815.15325732574,115269.15325732574,115348.15325732574,114972.15325732574,113067.15325732574,109859.15325732574,106856.15325732574,105372.15325732574,105490.15325732574,105837.15325732574,106465.15325732574,106831.15325732574,106382.15325732574,105439.15325732574,102564.71428571429,102121.42857142858,101678.14285714287,101234.85714285716,100791.57142857145,100348.28571428574,99905.00000000003,99461.71428571432,99018.42857142861,98575.1428571429,98131.85714285719,97688.57142857148,100504.27531410284,99207.5278333336,98109.35787241688,97113.97919963427,96184.2898245585,95301.26158769277,94453.59088949047,93633.91280952437,92837.11165659426,92059.4627270757,91298.15417059627,90551.00145911949,104625.15325732574,105035.32930952356,105246.92784186886,105355.73508608005,105398.8530325844,105395.3098408787,105356.40911050959,105289.51576190427,105199.74548626295,105090.8229872101,104965.5601151181,104826.14139802346
00956," ARIMA(0,1,0)(0,0,0)[12] intercept",17328.978035686792,5871.813088845793,848.485714285714,105451.48571428574,106752.4857142857,107423.4857142857,107308.4857142857,107237.4857142857,108074.4857142857,111255.4857142857,114072.4857142857,115922.4857142857,117163.4857142857,118264.4857142857,118850.4857142857,119467.4857142857,120598.4857142857,122680.4857142857,124229.4857142857,124472.4857142857,124669.4857142857,124633.4857142857,126503.4857142857,128770.4857142857,128817.4857142857,127849.4857142857,126077.4857142857,125804.4857142857,125580.4857142857,124670.4857142857,124980.4857142857,124741.4857142857,125149.4857142857,125327.4857142857,126383.4857142857,128052.4857142857,130697.4857142857,132838.48571428572,-2125.1657807823353,103215.16185727702,104516.161857277,105187.161857277,105072.161857277,105001.161857277,105838.161857277,109019.161857277,111836.161857277,113686.161857277,114927.161857277,116028.161857277,116614.161857277,117231.161857277,118362.161857277,120444.161857277,121993.161857277,122236.161857277,122433.161857277,122397.161857277,124267.161857277,126534.161857277,126581.161857277,125613.161857277,123841.161857277,123568.161857277,123344.161857277,122434.161857277,122744.161857277,122505.161857277,122913.161857277,123091.161857277,124147.161857277,125816.161857277,128461.161857277,130602.16185727701,3822.1372093537634,107687.80957129445,108988.80957129442,109659.80957129442,109544.80957129442,109473.80957129442,110310.80957129442,113491.80957129442,116308.80957129442,118158.80957129442,119399.80957129442,120500.80957129442,121086.80957129442,121703.80957129442,122834.80957129442,124916.80957129442,126465.80957129442,126708.80957129442,126905.80957129442,126869.80957129442,128739.80957129442,131006.80957129442,131053.80957129442,130085.80957129442,128313.80957129442,128040.80957129442,127816.80957129442,126906.80957129442,127216.80957129442,126977.80957129442,127385.80957129442,127563.80957129442,128619.80957129442,130288.80957129442,132933.8095712944,135074.80957129443,135148.48571428572,135996.97142857144,136845.45714285717,137693.9428571429,138542.4285714286,139390.91428571433,140239.40000000005,141087.88571428577,141936.3714285715,142784.85714285722,143633.34285714294,144481.82857142866,132912.161857277,132834.33190013122,132972.03060033967,133221.29514312546,133541.8564074526,133913.06193643017,134322.64322335424,134762.60665740533,135227.39985754536,135712.98016893698,136216.29571372466,136734.9754863937,137384.80957129443,139159.61095701167,140718.88368537466,142166.5905711603,143543.0007354046,144868.7666349985,146156.15677664586,147413.16477116622,148645.34299959763,149856.73411677746,151050.39000056122,152228.68165646362
00605," ARIMA(0,1,0)(0,0,0)[12] intercept",20670.213279135896,7315.8549547805,811.0857142857141,125572.08571428568,126381.08571428571,128128.08571428571,129964.08571428571,132153.08571428573,133105.08571428573,134258.08571428573,134480.08571428573,134862.08571428573,134236.08571428573,134624.08571428573,134884.08571428573,135990.08571428573,136642.08571428573,137492.08571428573,137859.08571428573,139116.08571428573,140726.08571428573,142127.08571428573,141614.08571428573,141783.08571428573,142723.08571428573,144983.08571428573,145487.08571428573,145177.08571428573,145047.08571428573,145493.08571428573,146307.08571428573,146987.08571428573,148567.08571428573,149208.08571428573,150667.08571428573,151732.08571428573,152823.08571428573,152620.08571428573,-1593.8595959679742,124178.42035824891,124987.42035824894,126734.42035824894,128570.42035824894,130759.42035824896,131711.42035824896,132864.42035824896,133086.42035824896,133468.42035824896,132842.42035824896,133230.42035824896,133490.42035824896,134596.42035824896,135248.42035824896,136098.42035824896,136465.42035824896,137722.42035824896,139332.42035824896,140733.42035824896,140220.42035824896,140389.42035824896,141329.42035824896,143589.42035824896,144093.42035824896,143783.42035824896,143653.42035824896,144099.42035824896,144913.42035824896,145593.42035824896,147173.42035824896,147814.42035824896,149273.42035824896,150338.42035824896,151429.42035824896,151226.42035824896,3216.031024539402,126965.75107032245,127774.75107032248,129521.75107032248,131357.75107032247,133546.7510703225,134498.7510703225,135651.7510703225,135873.7510703225,136255.7510703225,135629.7510703225,136017.7510703225,136277.7510703225,137383.7510703225,138035.7510703225,138885.7510703225,139252.7510703225,140509.7510703225,142119.7510703225,143520.7510703225,143007.7510703225,143176.7510703225,144116.7510703225,146376.7510703225,146880.7510703225,146570.7510703225,146440.7510703225,146886.7510703225,147700.7510703225,148380.7510703225,149960.7510703225,150601.7510703225,152060.7510703225,153125.7510703225,154216.7510703225,154013.7510703225,153960.08571428573,154771.17142857146,155582.25714285718,156393.3428571429,157204.42857142864,158015.51428571437,158826.6000000001,159637.68571428582,160448.77142857155,161259.85714285728,162070.942857143,162882.02857142873,152566.42035824896,152800.23098065474,153168.35793745294,153606.01214506937,154088.098097444,154601.74529123004,155139.30805708052,155695.80481845236,156267.77536046127,156852.7003217116,157448.67778785198,158054.23016062024,155353.7510703225,156742.11187648817,157996.15634826143,159180.67356921645,160320.7590454133,161429.2832801987,162513.89194291967,163579.56661011928,164629.76749668183,165667.01396400295,166693.20792643403,167709.82698223722
00611," ARIMA(0,1,0)(0,0,0)[12] intercept",14709.18963072817,934.8383671999525,286.7714285714285,88782.77142857143,89334.77142857143,90181.77142857143,90515.77142857143,91171.77142857143,91991.77142857143,92507.77142857143,93072.77142857143,93122.77142857143,93678.77142857143,94051.77142857143,94597.77142857143,94748.77142857143,94807.77142857143,94333.77142857143,94004.77142857143,93590.77142857143,93597.77142857143,93896.77142857143,94369.77142857143,94793.77142857143,95406.77142857143,96770.77142857143,97506.77142857143,97792.77142857143,97937.77142857143,99047.77142857143,99602.77142857143,99726.77142857143,99230.77142857143,99260.77142857143,99530.77142857143,100302.77142857143,100171.77142857143,99721.77142857143,-1888.2295460442635,87839.81309498235,88391.81309498235,89238.81309498235,89572.81309498235,90228.81309498235,91048.81309498235,91564.81309498235,92129.81309498235,92179.81309498235,92735.81309498235,93108.81309498235,93654.81309498235,93805.81309498235,93864.81309498235,93390.81309498235,93061.81309498235,92647.81309498235,92654.81309498235,92953.81309498235,93426.81309498235,93850.81309498235,94463.81309498235,95827.81309498235,96563.81309498235,96849.81309498235,96994.81309498235,98104.81309498235,98659.81309498235,98783.81309498235,98287.81309498235,98317.81309498235,98587.81309498235,99359.81309498235,99228.81309498235,98778.81309498235,2461.7724031871203,89725.72976216051,90277.72976216051,91124.72976216051,91458.72976216051,92114.72976216051,92934.72976216051,93450.72976216051,94015.72976216051,94065.72976216051,94621.72976216051,94994.72976216051,95540.72976216051,95691.72976216051,95750.72976216051,95276.72976216051,94947.72976216051,94533.72976216051,94540.72976216051,94839.72976216051,95312.72976216051,95736.72976216051,96349.72976216051,97713.72976216051,98449.72976216051,98735.72976216051,98880.72976216051,99990.72976216051,100545.72976216051,100669.72976216051,100173.72976216051,100203.72976216051,100473.72976216051,101245.72976216051,101114.72976216051,100664.72976216051,98819.77142857143,99106.54285714286,99393.3142857143,99680.08571428573,99966.85714285716,100253.62857142859,100540.40000000002,100827.17142857146,101113.94285714289,101400.71428571432,101687.48571428575,101974.25714285718,97876.81309498235,97772.99839302847,97760.06254251754,97794.16904710759,97858.33820900206,97943.86180543024,98045.56675262745,98160.08250034266,98285.06785637567,98418.81821293599,98560.046728832,98707.75365646367,99762.72976216051,100440.08732125726,101026.56602891105,101566.00238146387,102075.37607671226,102563.39533742695,103035.2332473726,103494.26035680025,103942.81785791011,104382.61035849265,104814.9246997395,105240.7606292507
00734," ARIMA(0,1,0)(0,0,0)[12] intercept",41532.23165118902,15046.840933460728,3522.4571428571426,255620.45714285717,260050.45714285714,262671.45714285714,265469.45714285714,268167.45714285714,274570.45714285714,284726.45714285714,294945.45714285714,303193.45714285714,308454.45714285714,311288.45714285714,313556.45714285714,313278.45714285714,313488.45714285714,314627.45714285714,317230.45714285714,320892.45714285714,326229.45714285714,330863.45714285714,331837.45714285714,330141.45714285714,328520.45714285714,329384.45714285714,334654.45714285714,342687.45714285714,349862.45714285714,355132.45714285714,359536.45714285714,363683.45714285714,366997.45714285714,367241.45714285714,367048.45714285714,368406.45714285714,372271.45714285714,377317.45714285714,-2609.130318582873,249810.55989965276,254240.55989965273,256861.55989965273,259659.55989965273,262357.5598996527,268760.5598996527,278916.5598996527,289135.5598996527,297383.5598996527,302644.5598996527,305478.5598996527,307746.5598996527,307468.5598996527,307678.5598996527,308817.5598996527,311420.5598996527,315082.5598996527,320419.5598996527,325053.5598996527,326027.5598996527,324331.5598996527,322710.5598996527,323574.5598996527,328844.5598996527,336877.5598996527,344052.5598996527,349322.5598996527,353726.5598996527,357873.5598996527,361187.5598996527,361431.5598996527,361238.5598996527,362596.5598996527,366461.5598996527,371507.5598996527,9654.044604297158,261430.35438606158,265860.35438606155,268481.35438606155,271279.35438606155,273977.35438606155,280380.35438606155,290536.35438606155,300755.35438606155,309003.35438606155,314264.35438606155,317098.35438606155,319366.35438606155,319088.35438606155,319298.35438606155,320437.35438606155,323040.35438606155,326702.35438606155,332039.35438606155,336673.35438606155,337647.35438606155,335951.35438606155,334330.35438606155,335194.35438606155,340464.35438606155,348497.35438606155,355672.35438606155,360942.35438606155,365346.35438606155,369493.35438606155,372807.35438606155,373051.35438606155,372858.35438606155,374216.35438606155,378081.35438606155,383127.35438606155,378906.45714285714,382428.9142857143,385951.3714285714,389473.82857142854,392996.2857142857,396518.7428571428,400041.19999999995,403563.6571428571,407086.1142857142,410608.57142857136,414131.0285714285,417653.48571428563,373096.5598996527,374212.47880838055,375888.334216587,377854.0340850197,380004.960536192,382287.4591532893,384669.6567516413,387130.7861881896,389656.422556101,392236.0631685122,394861.77934519923,397527.41129031684,384716.35438606155,390645.349763048,396014.4086405558,401093.62305783737,405987.61089237937,410750.0265609963,415412.7432483586,419996.5280975246,424515.80601532746,428981.07968863053,433400.27779765776,437779.5601382544
00907," ARIMA(0,2,0)(0,0,1)[12]          ",11641.446770634726,6295.310397394691,0.0,94167.753990786,60777.99999999998,59888.00000000001,59815.0,58644.0,58839.0,58206.0,58740.0,58784.0,59061.0,58148.0,56960.202900282915,55914.98470332732,55179.79711910894,55291.1969382671,56255.37861622478,57639.59761327941,57719.64940936423,57288.47367403052,57541.64601012519,58299.07639825726,59195.24619096702,59563.83277485266,60402.771193950946,61653.89077335347,62554.9055781224,63748.82425178604,64922.9060919449,65541.2186210454,66465.69503778957,67583.38086568446,68603.18692151943,67909.07659937357,68930.16706182958,69375.45810278835,-2861.4427470926794,92572.72550806611,60067.41084056884,59177.41084056887,59104.41084056886,57933.41084056886,58128.41084056886,57495.41084056886,58029.41084056886,58073.41084056886,58350.41084056886,57437.41084056886,56250.13511143591,55205.378633309905,54474.17213829805,54585.57195745621,55549.75363541389,56933.97263246852,57014.02442855334,56582.84869321963,56836.021029314295,57593.45141744637,58489.621210156125,58858.207794041766,59697.15353987069,60948.2796055043,61849.35094056674,63043.26961423038,64217.35145438924,64835.663983489736,65760.14040023391,66877.8262281288,67897.63228396377,67203.52196181791,68224.61242427392,68669.9034652327,2861.4427470926794,95762.7824735059,61488.58915943112,60598.58915943115,60525.58915943114,59354.58915943114,59549.58915943114,58916.58915943114,59450.58915943114,59494.58915943114,59771.58915943114,58858.58915943114,57670.27068912992,56624.59077334473,55885.42209991983,55996.82191907799,56961.00359703567,58345.2225940903,58425.274390175124,57994.098654841415,58247.27099093608,59004.70137906815,59900.87117177791,60269.45775566355,61108.3888480312,62359.501941202645,63260.46021567806,64454.3788893417,65628.46072950056,66246.77325860105,67171.24967534523,68288.93550324012,69308.74155907509,68614.63123692923,69635.72169938523,70081.01274034401,71301.338381679,72507.53571004854,73693.37501963755,74866.38683100013,76069.06967342837,77271.29993556078,78460.80692086108,79647.48701287078,80933.88839384903,82168.83371549545,83411.69834614983,84568.08441183546,70595.78384904981,70929.86802096305,71053.43232928954,71001.90688388282,70836.53962124717,70540.74232760655,70112.57824571984,69570.15941612644,69022.76560870826,68324.86472557136,67540.65435037907,66579.91779548518,72006.89291430819,74085.20339913403,76333.31770998555,78730.86677811743,81301.59972560957,84001.857543515,86809.03559600233,89724.81460961513,92845.01117898981,96012.80270541954,99282.74234192059,102556.25102818574
00610," ARIMA(2,1,2)(0,0,0)[12] intercept",20211.059005563147,2900.6474684083246,480.001752395898,122761.87609928421,121838.6351445263,119967.27853564544,119637.43347055637,119531.54725231566,121673.05540186774,122944.22792085719,123701.66172916924,123760.65803503356,123734.19196928141,124037.55322608892,124687.31879420912,125356.36644127987,125601.0077779749,126202.57436249497,127136.1123440299,128688.10838925056,129019.16166627659,129661.94977363886,130170.57866025314,131691.1773275571,133144.7595138727,134895.7992183647,134575.85385604753,134186.65942261578,133737.5385015347,135765.08957522898,136926.04334959472,137489.07038221008,136801.26168771822,136552.23019698221,135939.42793855479,135232.15143789578,134584.87712690997,134299.19459486537,-1836.5419070137757,121527.05653402538,120604.1833903747,118733.89703463495,118405.49276496025,118300.09830565209,120441.71869563023,121713.30671738547,122471.10350966835,122530.17531381534,122503.76792599879,122807.26933504659,123457.11528303052,124126.17405440584,124370.8438340736,124972.45182687516,125906.00504566974,127458.00410894092,127789.06892210871,128431.86778400808,128940.4990855558,130461.09930287683,131914.6854832189,133665.7276269846,133345.7826139169,132956.58895230896,132507.46923567908,134535.02078368043,135695.97464118962,136259.00199507913,135571.1936195236,135322.16220597425,134709.35998852385,134002.08360154284,133354.8093644125,133069.1268434545,2796.545411805572,123996.69566454305,123073.0868986779,121200.66003665593,120869.37417615249,120762.99619897924,122904.39210810524,124175.1491243289,124932.21994867013,124991.14075625177,124964.61601256403,125267.83711713125,125917.52230538771,126586.5588281539,126831.17172187619,127432.69689811478,128366.21964239006,129918.21266956019,130249.25441044447,130892.03176326964,131400.65823495048,132921.25535223735,134374.8335445265,136125.8708097448,135805.92509817815,135416.7298929226,134967.60776739032,136995.15836677753,138156.11205799982,138719.13876934102,138031.32975591283,137782.29818799018,137169.49588858572,136462.21927424872,135814.94488940743,135529.26234627626,134312.4058372728,134800.27080714458,135215.9826161843,135617.03536146233,136057.42391645216,136553.75347526115,137082.9733669238,137606.08752204332,138096.77982621075,138555.46677111535,139003.02567387186,139462.79129464523,133082.33810673782,133049.12609975666,133091.41276253894,133205.3300659873,133404.66091345056,133677.51337847894,133986.34085364104,134291.29152558363,134573.1549074746,134839.00857332407,135110.69604459498,135407.19886678952,135542.47356780776,136551.4155145325,137340.55246982968,138028.74065693736,138710.18691945376,139429.99357204337,140179.60588020657,140920.88351850302,141620.4047449469,142271.92496890662,142895.35530314874,143518.38372250093
00742," ARIMA(0,1,0)(0,0,0)[12]          ",49318.439135096545,8767.082848169433,0.0,295002.0,289418.0,281494.0,277178.0,278227.0,281192.0,284754.0,284243.0,285729.0,288861.0,296122.0,299551.0,297651.0,294804.0,293456.0,294690.0,294747.0,296938.0,297828.0,298417.0,298473.0,298681.0,302006.0,305989.0,313321.0,319312.0,323018.0,322970.0,319654.0,314623.0,310192.0,306539.0,302452.0,297245.0,291513.0,-7818.892978408504,287432.74451566656,281848.74451566656,273924.74451566656,269608.74451566656,270657.74451566656,273622.74451566656,277184.74451566656,276673.74451566656,278159.74451566656,281291.74451566656,288552.74451566656,291981.74451566656,290081.74451566656,287234.74451566656,285886.74451566656,287120.74451566656,287177.74451566656,289368.74451566656,290258.74451566656,290847.74451566656,290903.74451566656,291111.74451566656,294436.74451566656,298419.74451566656,305751.74451566656,311742.74451566656,315448.74451566656,315400.74451566656,312084.74451566656,307053.74451566656,302622.74451566656,298969.74451566656,294882.74451566656,289675.74451566656,283943.74451566656,7818.892978408504,302571.25548433344,296987.25548433344,289063.25548433344,284747.25548433344,285796.25548433344,288761.25548433344,292323.25548433344,291812.25548433344,293298.25548433344,296430.25548433344,303691.25548433344,307120.25548433344,305220.25548433344,302373.25548433344,301025.25548433344,302259.25548433344,302316.25548433344,304507.25548433344,305397.25548433344,305986.25548433344,306042.25548433344,306250.25548433344,309575.25548433344,313558.25548433344,320890.25548433344,326881.25548433344,330587.25548433344,330539.25548433344,327223.25548433344,322192.25548433344,317761.25548433344,314108.25548433344,310021.25548433344,304814.25548433344,299082.25548433344,286252.0,286252.0,286252.0,286252.0,286252.0,286252.0,286252.0,286252.0,286252.0,286252.0,286252.0,286252.0,278682.74451566656,275547.4562369887,273141.6649256651,271113.4890313331,269326.63019796734,267711.18633061997,266225.632378542,264842.9124739775,263544.2335469997,262315.91247778543,261147.61961612618,260031.32985133026,293821.25548433344,296956.5437630113,299362.3350743349,301390.5109686669,303177.36980203266,304792.81366938003,306278.367621458,307661.0875260225,308959.7664530003,310188.08752221457,311356.3803838738,312472.67014866974
00910," ARIMA(0,1,0)(0,0,0)[12] intercept",13824.375835191633,2391.1063086470117,439.65714285714273,83796.65714285715,83941.65714285715,83922.65714285715,84139.65714285715,84592.65714285715,85054.65714285715,85701.65714285715,86081.65714285715,86604.65714285715,87368.65714285715,87757.65714285715,88099.65714285715,88542.65714285715,89558.65714285715,90357.65714285715,90654.65714285715,90865.65714285715,91117.65714285715,92107.65714285715,92574.65714285715,93264.65714285715,93363.65714285715,93644.65714285715,93198.65714285715,93095.65714285715,92940.65714285715,93661.65714285715,94743.65714285715,95864.65714285715,96697.65714285715,96538.65714285715,96831.65714285715,97243.65714285715,97688.65714285715,98228.65714285715,-1650.268858443791,83071.16980994251,83216.16980994251,83197.16980994251,83414.16980994251,83867.16980994251,84329.16980994251,84976.16980994251,85356.16980994251,85879.16980994251,86643.16980994251,87032.16980994251,87374.16980994251,87817.16980994251,88833.16980994251,89632.16980994251,89929.16980994251,90140.16980994251,90392.16980994251,91382.16980994251,91849.16980994251,92539.16980994251,92638.16980994251,92919.16980994251,92473.16980994251,92370.16980994251,92215.16980994251,92936.16980994251,94018.16980994251,95139.16980994251,95972.16980994251,95813.16980994251,96106.16980994251,96518.16980994251,96963.16980994251,97503.16980994251,2529.5831441580767,84522.14447577178,84667.14447577178,84648.14447577178,84865.14447577178,85318.14447577178,85780.14447577178,86427.14447577178,86807.14447577178,87330.14447577178,88094.14447577178,88483.14447577178,88825.14447577178,89268.14447577178,90284.14447577178,91083.14447577178,91380.14447577178,91591.14447577178,91843.14447577178,92833.14447577178,93300.14447577178,93990.14447577178,94089.14447577178,94370.14447577178,93924.14447577178,93821.14447577178,93666.14447577178,94387.14447577178,95469.14447577178,96590.14447577178,97423.14447577178,97264.14447577178,97557.14447577178,97969.14447577178,98414.14447577178,98954.14447577178,99184.65714285715,99624.3142857143,100063.97142857144,100503.62857142859,100943.28571428574,101382.94285714289,101822.60000000003,102262.25714285718,102701.91428571433,103141.57142857148,103581.22857142863,104020.88571428577,98459.16980994251,98598.32026017654,98807.39050771567,99052.65390559933,99321.04672107361,99605.86907664937,99903.1409377804,100210.26909178167,100525.45228697044,100847.3790429604,101175.05929799513,101507.72387257422,99910.14447577178,100650.30831125205,101320.55234942722,101954.60323725785,102565.52470749787,103160.0166376364,103742.05906221968,104314.2451939327,104878.37628445822,105435.76381418256,105987.39784486212,106534.04755599733
00613," ARIMA(0,1,0)(0,0,1)[12] intercept",14508.3088586865,5223.43498620659,561.2736880301984,88074.2736880302,88226.2736880302,88824.2736880302,89554.2736880302,89927.2736880302,90966.2736880302,91149.2736880302,90761.2736880302,90272.2736880302,90441.2736880302,91819.2736880302,94207.52230869146,94895.2428004657,96174.89169578675,96901.70706390867,96505.97913648802,96916.32031201228,97172.60853085798,98653.45265814874,100464.00302041908,102056.9917493905,103412.25523468903,104357.5056148273,106358.64281858188,106830.91242165434,107315.2528247923,107381.396340859,107845.68227200845,107740.54679870686,107224.71094379893,107129.46108324986,106869.5779819125,106263.73330467795,106847.10921793644,107257.55027183522,-1828.6023315717487,86706.77649667136,86858.77649667136,87456.77649667136,88186.77649667136,88559.77649667136,89598.77649667136,89781.77649667136,89393.77649667136,88904.77649667136,89073.77649667136,90451.77649667136,92840.4597017648,93529.07335171905,94808.7222470401,95535.53761516203,95139.80968774138,95550.15086326563,95806.43908211133,97287.2832094021,99097.83357167244,100690.82230064385,102046.08578594238,102991.33616608065,104992.47421454944,105464.74555621219,105949.08595935015,106015.22947541685,106479.5154065663,106374.3799332647,105858.54407835678,105763.2942178077,105503.41111647035,104897.5664392358,105480.94235249428,105891.38340639307,2951.1497076321457,89441.77087938903,89593.77087938903,90191.77087938903,90921.77087938903,91294.77087938903,92333.77087938903,92516.77087938903,92128.77087938903,91639.77087938903,91808.77087938903,93186.77087938903,95574.58491561812,96261.41224921234,97541.06114453339,98267.87651265532,97872.14858523467,98282.48976075892,98538.77797960462,100019.62210689539,101830.17246916573,103423.16119813714,104778.42468343567,105723.67506357394,107724.81142261432,108197.0792870965,108681.41969023446,108747.56320630116,109211.8491374506,109106.713664149,108590.87780924108,108495.62794869201,108235.74484735465,107629.9001701201,108213.27608337859,108623.71713727737,108599.94832719195,109157.51798155702,109698.78433707615,110256.11192213908,110788.53098895727,111300.38602179501,111830.15532333648,112353.13783835317,112861.41602017646,113422.96633054677,113974.78888207517,114570.77776735059,107233.7814633957,107225.46627670705,107332.5139212757,107523.77819962801,107733.68901896111,107953.9743089108,108215.61755999696,108489.03443224635,108762.91543782136,109102.76738674293,109443.72600406049,109838.23693868346,109966.11519098819,111089.56968640698,112065.0547528766,112988.44564465016,113843.37295895342,114646.79773467923,115444.69308667601,116217.24124445999,116959.91660253156,117743.16527435061,118505.85176008985,119303.31859601772
00604," ARIMA(1,1,0)(1,0,0)[12] intercept",9085.797752341741,5342.827588615227,265.78760501971163,55992.73437764558,56121.46307821803,56906.874191001785,57610.28320202438,57845.906719755505,57973.45054224694,58440.50617058266,59257.4163594432,59162.04363849614,59221.61821531416,59257.625233351144,59013.09211541496,59289.302008147126,58873.094626705555,59462.791168146796,60180.367534541845,60010.158118567466,60268.14091429584,60333.38986285888,60437.24388293224,60321.56943976584,59413.204127240024,59332.982912702166,59798.29972053512,60748.5939042224,60664.59599466973,60509.718972523784,60429.12508285164,61109.70637014613,60905.11657937663,61120.27405450853,61386.9413331098,62214.304136855026,63315.62733248027,64343.38142966211,-1806.1452883189465,55321.892213711355,55459.6744968569,56245.08560964065,56948.494620663245,57184.118138394384,57311.66196088625,57778.71758923653,58595.627778584305,58500.25507395128,58559.83019700865,58595.85550494426,58351.93511152667,58632.43652067196,58216.36342543397,58806.05996687521,59523.63633327026,59353.42691729588,59611.40971302425,59676.658661587295,59780.51268166066,59664.83823849425,58756.47292596844,58676.25171143058,59141.568519263536,60091.86270295081,60007.86479339815,59852.9877712522,59772.39388158006,60452.975168874545,60248.38537810504,60463.54285323695,60730.21013183821,61557.57293558344,62658.89613120868,63686.65022839053,2337.7204983583697,56663.57654157981,56783.25165957917,57568.66277236292,58272.071783385516,58507.695301116626,58635.23912360762,59102.29475192879,59919.2049403021,59823.832203041005,59883.40623361968,59919.39496175803,59674.249119303255,59946.16749562229,59529.82582797714,60119.52236941838,60837.09873581343,60666.88931983905,60924.87211556742,60990.121064130464,61093.97508420383,60978.30064103742,60069.93532851161,59989.71411397375,60455.030921806705,61405.32510549398,61321.32719594132,61166.45017379537,61085.85628412323,61766.437571417715,61561.84778064821,61777.00525578012,62043.67253438138,62871.03533812661,63972.35853375185,65000.1126309337,65011.23348667211,65308.25753271773,65622.59397154355,65941.50571768425,66166.01064829796,66477.44086728265,66756.28419641362,67025.00741265515,67241.04192231463,67402.04356016435,67567.48729829217,67769.94862181431,64354.50228540052,64296.05974286878,64338.696774313576,64432.33186314521,64460.79831103164,64596.46951116697,64714.62184676739,64834.40889664162,64911.00771731815,64940.45929836608,64981.03513670245,65064.38537274146,65667.96468794369,66320.45532256668,66906.49116877353,67450.6795722233,67871.22298556428,68358.41222339834,68797.94654605984,69215.60592866868,69571.07612731111,69863.62782196263,70153.93945988188,70475.51187088716
00601," ARIMA(1,1,1)(0,0,1)[12]          ",18990.18819035909,5461.249529752719,0.0,115063.04065878334,115670.21704668143,116755.85529359932,118130.45031171953,119925.14757453564,121235.78198481616,122174.34974536391,122540.18676629248,122795.1776498818,122979.79373715774,123423.09646247655,124591.40056082947,125171.8535265374,125969.7132858091,126887.5970538868,127279.38616954414,127419.02936290359,128157.57336910506,129039.7341920022,129221.05565014656,128825.65398211057,129014.05990261195,129587.52878065286,130778.87289643814,130504.75362519726,130259.29519586664,129472.21576491263,129694.0458027704,130087.06237506452,130480.04158313313,130701.58289223719,130834.26066876008,131548.04908425128,131968.64436529923,133437.26583093105,-2172.7931359151544,114125.44537533085,114733.96172701365,115820.67184521303,117196.12903626892,118991.52305303293,120302.72282334177,121241.75098390534,121607.96416839905,121863.26334838443,122048.1328755374,122491.64457898606,123660.32051920766,124241.79130151999,125039.73036634696,125957.67889417348,126349.52090252034,126489.20730195122,127227.78660414378,128109.97626154248,128291.32127463933,127895.93884688543,128084.36048101398,128657.842189821,129849.19601933798,129575.08198561623,129329.63089743673,128542.55747348325,128764.39242684009,129157.41302160244,129550.39552145873,129771.93952448353,129904.61950571746,130618.40972560892,131039.0064834829,132507.62915788114,2172.7931359151544,116000.63594223584,116606.4723663492,117691.03874198561,119064.77158717014,120858.77209603836,122168.84114629055,123106.94850682249,123472.4093641859,123727.09195137919,123911.45459877809,124354.54834596704,125522.48060245128,126101.9157515548,126899.69620527125,127817.51521360011,128209.25143656795,128348.85142385596,129087.36013406633,129969.49212246192,130150.7900256538,129755.36911733571,129943.75932420991,130517.21537148472,131708.5497735383,131434.42526477829,131188.95949429655,130401.87405634201,130623.69917870071,131016.7117285266,131409.68764480753,131631.22625999083,131763.9018318027,132477.68844289365,132898.28224711557,134366.90250398096,134187.41196842404,134385.35857491198,134554.0096342879,134745.98770898185,134932.77273312706,135109.6814888705,135272.44339070417,135424.20282648408,135586.75908314894,135731.31626771836,135903.30995604442,136045.97036740746,133257.7762944288,133044.32356597492,132880.3742255879,132778.58577393251,132695.48116597626,132618.978486969,132540.57540195482,132460.76497152675,132399.5767044665,132326.97631303314,132287.50015788202,132223.70547682967,135117.0476424193,135726.39358384904,136227.64504298792,136713.38964403118,137170.06430027785,137600.384490772,138004.31137945352,138387.6406814414,138773.94146183136,139135.65622240357,139519.11975420683,139868.23525798524
00606," ARIMA(2,0,2)(0,0,1)[12] intercept",408.167508713388,319.0344208006527,61821.88758481117,63065.1097920903,61296.70401519479,62410.999711524855,62035.31108434738,62492.79701524865,62929.61258306187,64020.87842521512,64241.66483048992,63727.88473551563,64417.06117443358,64152.938075287086,63618.753464829075,63449.26069041279,62654.7441254335,61122.01702650371,58996.088587100574,58334.0489653193,57853.9990618279,57846.20329000202,57703.06495028874,57841.23636887974,58341.81581225503,58258.39043011612,58474.81398477679,58603.612862400594,59010.48315383397,60586.636991172636,61338.75658087808,60490.46429500825,60681.98626256958,61455.02638807517,61897.83423458896,61981.08808827502,61701.096282631675,61674.26721754265,57225.02304260974,61849.50760045746,60495.87166959647,61650.59168621772,61275.98424524159,61787.43761811377,62233.46212026296,63325.50485870443,63570.3348383867,63059.050874163804,63748.59965734029,63495.137310662096,62968.198146544615,62798.99647200676,62026.01453458435,60501.15409238996,58375.373587937735,57722.97844622967,57246.34160269721,57239.250995806644,57101.54751309124,57241.28172502004,57742.138566868045,57661.67335776133,57880.14821675826,58009.012747934365,58420.28375660107,59999.06067915547,60751.45200631672,59905.54927385926,60098.4282746347,60871.936880534726,61316.17524971332,61400.13667899023,61120.35568097963,61094.555267122494,66418.7521270126,64280.71198372314,62097.53636079311,63171.40773683199,62794.63792345316,63198.156412383534,63625.76304586078,64716.25199172582,64912.994822593144,64396.71859686746,65085.522691526865,64810.738839912075,64269.308783113534,64099.52490881882,63283.47371628265,61742.87996061746,59616.80358626341,58945.11948440893,58461.65652095858,58453.1555841974,58304.58238748624,58441.191012739444,58941.493057642016,58855.107502470906,59069.47975279532,59198.212976866824,59600.68255106687,61174.213303189805,61926.061155439435,61075.37931615724,61265.54425050446,62038.11589561562,62479.4932194646,62562.03949755981,62281.83688428372,62253.9791679628,61899.72908329748,62069.3960702968,62011.4210252673,61936.86314149169,62171.8316628357,62394.86443937414,62382.24856083173,62047.28767825131,61840.11633672612,61845.071275218506,61920.1422534565,61992.20384965262,61320.747619821115,60734.71401010084,59838.07397468241,59181.234414292674,58990.7575758549,58887.57615490792,58616.81195394624,58073.397496943384,57695.65730584628,57559.7938335258,57517.804270192246,57491.49653133786,62478.71054677385,63404.078130492766,64184.76807585219,64692.491868690704,65352.9057498165,65902.15272384037,66147.68516771721,66021.17785955923,65984.57536760595,66130.34871691122,66322.48023672076,66492.91116796738
00705," ARIMA(2,0,2)(0,0,1)[12] intercept",1174.6492147392016,3547.3045962994374,165014.4030424603,160189.26097714974,158401.07414797792,159362.53414131716,159461.37863025838,159280.99921847478,161230.20322453717,164031.36762781194,166050.09673614366,164841.75679079554,165918.02537261168,167564.60918790067,167105.49287163277,166049.5236485079,165444.2566433414,164826.78117767742,164496.86331949514,162139.59914037318,161278.478637044,160800.5158041219,161817.94802088436,165235.47678395375,163789.79127559328,161833.71924886614,161152.89616090702,161895.26848261428,162743.19241462988,162914.94632915987,164303.41257507118,166242.8961792582,167447.6821394264,166702.90437310468,166793.60993928544,168051.81603179325,169085.40146581538,170613.72002354535,155427.31517032007,157215.93658496876,155873.17537421733,156844.3487664592,157053.307667393,156985.51471898734,158937.4581283482,161757.00520127267,163837.31928842427,162630.71896238247,163708.6262445086,165361.4619898722,164914.20855624025,163908.214682011,163349.12531878115,162731.71330432934,162416.17251287238,160082.07014445701,159221.00493396004,158747.07464848043,159779.0385296772,163196.59642777764,161750.973535529,159795.57181420326,159117.62300875483,159867.90085251734,160725.84603203574,160897.61569128273,162288.98222946003,164234.127942911,165438.9178824175,164695.06369053075,164789.40617812925,166047.61548175404,167081.20468189416,168609.58390650986,174601.49091460052,163162.5853693307,160928.97292173852,161880.7195161751,161869.44959312375,161576.48371796223,163522.94832072614,166305.7300543512,168262.87418386305,167052.7946192086,168127.42450071475,169767.75638592915,169296.7771870253,168190.8326150048,167539.38796790162,166921.8490510255,166577.5541261179,164197.12813628934,163335.95234012796,162853.9569597634,163856.85751209152,167274.35714012987,165828.60901565757,163871.86668352902,163188.16931305922,163922.63611271122,164760.53879722403,164932.276967037,166317.84292068233,168251.66441560542,169456.44639643532,168710.74505567862,168797.81370044162,170056.01658183246,171089.5982497366,172617.85614058084,172719.17323244078,173174.45028939712,172122.65180692164,171557.56856203725,170463.41681353888,169559.75617843436,168903.80302404086,168257.39481677898,167490.63044173492,166613.63138346738,166037.02058980623,165042.25252141833,170715.78023624173,169434.87022705385,166556.03951957027,165011.6832889547,163167.06077177735,161701.05515321615,160604.5324362848,159609.1300127646,158562.47245721234,157459.37378169026,156699.21250628235,155554.5479293104,174722.56622863983,176914.0303517404,177689.264094273,178103.4538351198,177759.7728553004,177418.45720365256,177203.07361179692,176905.65962079336,176418.7884262575,175767.8889852445,175374.8286733301,174529.95711352624
00693," ARIMA(2,0,2)(1,0,1)[12] intercept",342.8361097919828,3718.6047016074403,65723.86647164144,65953.63255196292,66042.38391595994,65868.78550514737,65244.490846604254,64435.04482448878,64039.58455406505,63590.625161928365,62587.14923935991,61035.59075073058,59971.16541565124,59877.07663167566,59530.60873529935,59545.16766724119,58954.19285119799,59442.66664320563,60044.895495500205,61166.19907727896,61297.35556250016,61791.518536902106,63407.243915807805,65850.26499834398,67683.3236774623,67968.90878731689,68299.4182363365,68618.45860570672,68416.3026845646,66440.16271658157,66233.43730182495,65575.02510212135,65759.1033981331,66769.72431874323,67980.96677726206,68201.19919210376,68085.07786704336,68248.81667037221,59149.23931444553,64327.52801443231,65089.57047411968,64938.88723245743,64333.28846802099,63606.893816180134,63211.59451216755,62769.65328942173,61798.129281254376,60248.66399338505,59206.46409822474,59135.49177912009,58798.87961603226,58821.10590735629,58253.43194957804,58742.220043840185,59349.44370958885,60482.08798706203,60616.221647108345,61113.20476776996,62733.55453642011,65179.5399391849,67021.44505631333,67321.8227832727,67663.4464009108,67984.2017208439,67784.26823285178,65810.24245328887,65604.40822522125,64947.02372063846,65134.31711091515,66145.2279753013,67356.68294071351,67579.00913203426,67465.03076394778,67641.37792970115,72298.49362883734,67579.73708949352,66995.1973578002,66798.68377783732,66155.69322518753,65263.19583279743,64867.57459596255,64411.597034435,63376.169197465446,61822.51750807611,60735.86673307774,60618.661484231234,60262.33785456644,60269.2294271261,59654.95375281795,60143.113242571075,60740.34728141156,61850.31016749589,61978.48947789198,62469.83230603425,64080.9332951955,66520.99005750306,68345.20229861126,68615.99479136108,68935.39007176219,69252.71549056954,69048.3371362774,67070.08297987428,66862.46637842864,66203.02648360423,66383.88968535105,67394.22066218517,68605.25061381061,68823.38925217325,68705.12497013895,68856.25541104327,69106.15934039463,69476.04022315865,70289.35971439631,70561.53589581001,71142.85832789414,70805.28999954251,70381.66863161528,69198.09621314099,68021.6125982088,67076.70958866196,66517.11821054018,65956.7123888447,68505.84751625854,68076.08787390625,67825.68891713704,67242.1844820501,67158.75060151455,66301.47398178227,65466.50674952763,63953.94427732645,62512.41706603445,61352.44914689679,60615.185277775316,59900.59570238074,69706.47116453073,70875.99257241105,72753.03051165558,73880.88730956992,75126.96605427373,75309.10601730275,75296.83051370292,74442.24814895552,73530.80813038314,72800.97003042714,72419.05114330506,72012.82907530865
00737," ARIMA(2,0,2)(1,0,1)[12] intercept",809.0847609670185,1311.7308548245242,80109.6043616503,81726.73881072227,74926.1622089738,74568.70686662116,77273.26365829629,79539.56476516492,80461.41369951892,79810.94347363297,79348.96901711571,78410.25241680989,78280.47894174678,79512.48058265865,80537.43027865846,79853.7260856322,80122.77961195851,78518.8581228313,76670.03216562388,73869.62403960992,73393.02668453098,73567.98444594655,73816.15731538758,74488.60141345805,74260.02614175627,75707.18344268124,78628.99248124113,79921.4413387243,81645.9118678195,81399.01528884457,83099.02439378746,84850.09030757358,86068.21717785913,85610.6430398312,84789.05630357482,84539.81955802217,84738.06811460698,84552.23170614926,65513.54084319062,78070.31359555443,73454.79061281336,73153.46060536544,75870.6524610337,78306.38268490341,79230.39104022879,78591.52585465067,78165.04726964285,77226.85216872476,77175.11456543102,78475.75489008309,79600.99083965457,78920.31893340543,79225.34172171628,77621.43989507708,75777.09140190716,72993.03168415083,72519.60266085263,72699.98326901223,72950.17268668758,73623.73807805043,73412.68447145683,74874.29422997664,77836.52696938135,79129.50029042618,80854.80434699371,80610.46392889645,82310.56893334213,84061.7609881074,85282.33427415884,84824.78315512095,84003.57305813096,83754.55261283717,83954.07581561028,83776.93151898736,94705.66788010999,85383.1640258901,76397.53380513423,75983.95312787687,78675.87485555888,80772.74684542643,81692.43635880905,81030.36109261528,80532.89076458858,79593.65266489502,79385.84331806254,80549.20627523422,81473.86971766235,80787.13323785896,81020.21750220074,79416.27635058551,77562.9729293406,74746.216395069,74266.45070820933,74435.98562288088,74682.14194408758,75353.46474886566,75107.36781205572,76540.07265538584,79421.45799310092,80713.38238702242,82437.01938864528,82187.5666487927,83887.47985423279,85638.41962703977,86854.10008155942,86396.50292454143,85574.53954901868,85325.08650320716,85522.06041360369,85327.53189331117,83342.30967095293,82049.07401489653,81814.3069874853,81419.11475456663,80763.16152514405,79641.44126506883,79017.05600515434,78969.68861411748,79386.65416249569,79077.55845112981,78628.14587296132,78220.42905935307,82578.3142339464,80135.38562772133,78216.50797812302,76220.33707055401,74176.22368756615,71907.53923831672,70367.06659966164,69607.76653289208,69484.2553189471,68772.73625746075,68027.6848801492,67404.02797376904,84106.30510795947,83962.76240207172,85412.10599684757,86617.89243857925,87350.09936272196,87375.34329182094,87667.04541064704,88331.61069534287,89289.05300604428,89382.38064479886,89228.60686577344,89036.8301449371
00622," ARIMA(2,0,3)(0,0,1)[12] intercept",965.2551315226467,3506.547156675286,215793.87586167257,212960.06284798594,214074.63710926907,212886.63361510978,210719.40374578306,213394.23926946038,214143.49464678796,214653.40105258155,216469.71728990081,220379.42448573708,222821.5294813591,221581.00285547055,220190.19457579925,220331.52307706545,221511.97972985558,221128.73120024512,221705.14464905893,220433.4964211831,219896.83928721817,220691.50779147586,217996.246571694,215929.4786694413,214413.3902624328,216647.69555176576,217975.97933312066,215510.0293160714,213123.93632755926,211819.5580888518,212958.21170925675,212378.2999387971,213394.90128910338,213983.8989404956,213272.1873165855,213536.9158230506,212331.38972395845,210883.69533763494,207582.25835983953,209943.29481807587,211618.52523765003,210461.25770827258,208424.47595744184,211179.74217656069,211987.07848491002,212518.689150147,214366.49306372408,218368.48956901726,220811.6175008251,219640.85593305665,218264.76199339674,218434.7531819743,219624.99521290266,219263.734001487,219849.46558567754,218579.79654029035,218069.16721843745,218864.44075185058,216169.97984934415,214133.65014271016,212620.58530832344,214890.40745787974,216225.33775922883,213759.88113817433,211373.79094171297,210075.5116117767,211214.193539695,210634.33620316238,211656.43021815905,212246.64710873575,211534.93872092443,211805.3020948465,210604.39914218654,209168.3420516991,224005.4933635056,215976.83087789602,216530.7489808881,215312.00952194698,213014.33153412427,215608.73636236007,216299.9108086659,216788.1129550161,218572.94151607755,222390.3594024569,224831.4414618931,223521.14977788445,222115.62715820177,222228.2929721566,223398.9642468085,222993.72839900324,223560.82371244032,222287.19630207587,221724.5113559989,222518.57483110114,219822.51329404386,217725.30719617245,216206.19521654217,218404.98364565178,219726.6209070125,217260.17749396845,214874.08171340555,213563.60456592691,214702.2298788185,214122.26367443183,215133.3723600477,215721.15077225544,215009.43591224658,215268.5295512547,214058.38030573036,212599.0486235708,209884.5451164701,211240.0477676084,213018.95064604672,213944.57618832242,214549.82760265304,214554.72862342728,214837.6500844096,215170.26232500348,215746.20598205389,216495.57897613946,217165.06748185615,217929.82427221182,208169.7163076841,208078.1045006625,208155.023789169,208254.12976841241,208407.97086345553,208166.2943463443,208321.9917241187,208597.33845889938,209155.88401001296,209909.35211739212,210593.67807814752,211368.7503454444,211599.3739252561,214401.9910345543,217882.87750292444,219635.02260823242,220691.68434185055,220943.16290051024,221353.3084447005,221743.18619110758,222336.5279540948,223081.8058348868,223736.45688556478,224490.89819897924
00612," ARIMA(1,0,3)(2,0,0)[12] intercept",748.4713061905147,4527.9492116758975,118154.36089899906,120820.10762916289,121038.97695001289,121412.14452424318,121697.15537044102,122081.425095613,121508.36993669163,120845.70852761438,121515.35062392293,123372.28663058893,122359.27197145873,120311.86490934888,116207.82193814008,113639.07087582686,112914.78756660102,111794.11198320788,111367.37487301248,111420.36699087365,113420.2677502991,112380.28412670732,111798.2306698244,110872.82548305433,110831.38726782493,110224.15921873171,112402.4807727295,116003.97513990372,118745.58846231565,119460.46567158327,117562.72837909698,115841.11295519613,116580.6851450312,119109.61419636926,122574.67306167881,123783.99019239676,126633.22428607919,127151.29146047699,103463.01340212548,118215.96399422525,119355.94832345753,119826.52931896165,120123.95946150784,120616.08443153987,120053.62683300601,119399.21882314609,120116.38752254233,121974.04984697557,120998.5657925414,118993.08199813197,114889.09225973462,112343.17502567373,111675.38449634239,110561.48304764884,110142.4143847352,110219.05094503569,112219.69479574698,111186.6380810598,110617.45518142206,109692.06047080306,109683.05313547135,109132.76269229538,111312.81615909816,114928.53627069201,117691.06507295746,118407.94965995583,116516.10281011251,114803.93287381617,115543.65239377876,118078.1760414002,121548.37334216696,122757.74236593644,125611.8247227913,126132.4791733764,132845.70839587264,123424.25126410052,122722.00557656825,122997.75972952471,123270.3512793742,123546.76575968612,122963.11304037724,122292.19823208266,122914.31372530354,124770.5234142023,123719.97815037606,121630.64782056579,117526.55161654555,114934.96672597999,114154.19063685965,113026.74091876693,112592.33536128976,112621.6830367116,114620.84070485122,113573.93017235484,112979.00615822675,112053.5904953056,111979.72140017852,111315.55574516805,113492.14538636083,117079.41400911543,119800.11185167384,120512.9816832107,118609.35394808145,116878.2930365761,117617.71789628363,120141.05235133832,123600.97278119066,124810.23801885707,127654.62384936708,128170.10374757758,126262.67226228265,124427.74759795173,123293.16203939915,123677.4710989141,124570.35049742364,125082.87900306884,123960.2510634144,122104.25385180015,120759.87214651112,119445.32120846224,118640.96107404081,117500.50485314026,125244.28388346387,122032.66174214293,119189.5809077504,118225.23003948823,118061.3653279269,117682.60866049226,115779.60697280243,113224.59881171914,111244.38493763555,109345.02373337215,107998.25805151692,106351.42028508469,127281.06064110143,126822.83345376054,127396.7431710479,129129.71215833997,131079.33566692038,132483.14934564542,132140.89515402637,130983.90889188116,130275.35935538668,129545.61868355233,129283.6640965647,128649.58942119582
